<?xml version="1.0" encoding="UTF-8"?>
<project-private xmlns="http://www.netbeans.org/ns/project-private/1">
    <editor-bookmarks xmlns="http://www.netbeans.org/ns/editor-bookmarks/2" lastBookmarkId="0"/>
    <open-files xmlns="http://www.netbeans.org/ns/projectui-open-files/2">
        <group>
            <file>file:/C:/Users/lumaj/Documents/NetBeansProjects/vehiculos/src/vehiculos/Vehiculo.java</file>
            <file>file:/C:/Users/lumaj/Documents/NetBeansProjects/vehiculos/src/vehiculos/Furgon.java</file>
            <file>file:/C:/Users/lumaj/Documents/NetBeansProjects/vehiculos/src/vehiculos/Vehiculos.java</file>
            <file>file:/C:/Users/lumaj/Documents/NetBeansProjects/vehiculos/src/vehiculos/Automovil.java</file>
            <file>file:/C:/Users/lumaj/Documents/NetBeansProjects/vehiculos/src/vehiculos/Deportivo.java</file>
            <file>file:/C:/Users/lumaj/Documents/NetBeansProjects/vehiculos/src/vehiculos/Carga.java</file>
            <file>file:/C:/Users/lumaj/Documents/NetBeansProjects/vehiculos/src/vehiculos/Platon.java</file>
        </group>
    </open-files>
</project-private>
